<beans xmlns="http://www.springframework.org/schema/beans"
       xmlns:xsi="http://www.w3.org/2001/XMLSchema-instance"
       xmlns:context="http://www.springframework.org/schema/context"
       xmlns:mvc="http://www.springframework.org/schema/mvc" xmlns:tx="http://www.springframework.org/schema/task"
       xsi:schemaLocation="http://www.springframework.org/schema/beans
        http://www.springframework.org/schema/beans/spring-beans.xsd
        http://www.springframework.org/schema/context http://www.springframework.org/schema/context/spring-context.xsd http://www.springframework.org/schema/mvc http://www.springframework.org/schema/mvc/spring-mvc.xsd http://www.springframework.org/schema/task http://www.springframework.org/schema/task/spring-task.xsd">

    <context:component-scan base-package="com.springapp.mvc"/>

    <bean class="org.springframework.web.servlet.view.InternalResourceViewResolver">
        <property name="prefix" value="/WEB-INF/pages/"/>
        <property name="suffix" value=".jsp"/>
    </bean>

    <mvc:annotation-driven/>
    <mvc:resources mapping="/resources/**" location="resources/" />
    <mvc:resources mapping="/robots.txt" location="resources/robots.txt" order="0"/>

    <context:annotation-config/>
    <context:component-scan base-package="service,domain,com.springapp.mvc.*"/>

    <import resource="hibernate-context.xml" />
    <!--
    <bean id="propertyConfigurer"  class="org.springframework.beans.factory.config.PropertyPlaceholderConfigurer">
        <property name="locations" >
            <list>
                <value>/WEB-INF/config/jdbc.properties</value>
            </list>
        </property>
    </bean>

    <bean id="dataSource" class="org.springframework.jdbc.datasource.DriverManagerDataSource">
        <property name="driverClassName" value="${hibernate.connection.driver_class}" />
        <property name="url" value="${hibernate.connection.url}" />
        <property name="username" value="${hibernate.connection.username}" />
        <property name="password" value="${hibernate.connection.password}" />
    </bean>

    <bean id="sessionFactory" class="org.springframework.orm.hibernate4.LocalSessionFactoryBean" >
        <property name="dataSource" ref="dataSource" />
        <property name="configLocation" value="/WEB-INF/hibernate.cfg.xml" />
        <property name="hibernateProperties">
            <props>
                <prop key="hibernate.dialect">${hibernate.dialect}</prop>
                <prop key="hibernate.show_sql">${hibernate.show_sql}</prop>
                <prop key="hibernate.hbm2ddl.auto">${hibernate.hbm2ddl.auto}</prop>
                <prop key="hibernate.c3p0.min_size">${hibernate.c3p0.min_size}</prop>
                <prop key="hibernate.c3p0.max_size">${hibernate.c3p0.max_size}</prop>
                <prop key="hibernate.c3p0.timeout">${hibernate.c3p0.timeout}</prop>
                <prop key="hibernate.c3p0.max_statements">${hibernate.c3p0.max_statements}</prop>
            </props>
        </property>
    </bean>

    <bean id="txManager" class="org.springframework.orm.hibernate4.HibernateTransactionManager">
        <property name="sessionFactory" ref="sessionFactory" />
    </bean>
    -->
</beans>